run,session_time,pid,chunk,classified_outcome,run_exit_code,run_hung,stdout_done,stdout_cycle,loads_before_fault,saves_before_fault,code,pc,site,module,offset,thread,frames_since_restore,truncated,interleaved,regs_trusted,n_faults_in_session,access_kind,access_addr,access_who,access_who_class,access_heap,access_heap_rewind,faulting_regs,unwind_depth,chain,addr_shape,half_ptr_match,shape_line,pattern_line,stack_base,stack_limit,stack_reserve,rsp,park_module,thread_role,n_regs_reported,n_regs_restored,n_regs_held,n_regs_neither,n_regs_rewind_heap,n_regs_present_heap,n_regs_no_heap,reg_summary
1,2026-08-31 18:50:40,4388,chunk_01.txt,DIED,0,0,0,entered,6,6,C0000005,00007FFDF798C559,ntdll.dll+C559,ntdll.dll,C559,21156,0,0,0,1,1,reading,0000000000000000,unmapped,unmapped,,,rax;rcx;rdx;rbp;rsi;r9;r10;r12,7,ntdll.dll+C559 > ntdll.dll+D8E2 > mono-2.0-bdwgc.dll+70D07 > mono-2.0-bdwgc.dll+70CAB > ss_ctx.exe+2FFA > KERNEL32.DLL+2E8D7 > ntdll.dll+8C3FC,null-or-small,,,0,0000002590000000,000000258FFF5000,000000258F000000,000000258FFFF600,ntdll.dll,restored-other,3,3,0,0,1,0,2,rsp=000000258FFFF600|committed|side=restored-from-save;r8=000000258FFFF600|committed|side=restored-from-save;r14=0000016CE871E318|committed|heap=game's runtime/rewind|side=restored-from-save
2,2026-08-31 18:50:44,9732,chunk_01.txt,DIED,0,0,0,entered,19,19,C0000005,00007FFDF4669A68,ucrtbase.dll+19A68,ucrtbase.dll,19A68,12912,0,0,0,1,1,writing,0000000000000010,unmapped,unmapped,,,,7,ucrtbase.dll+19A68 > ucrtbase.dll+1E541 > ucrtbase.dll+18588 > ss_ctx.exe+124A2 > ss_ctx.exe+3238 > KERNEL32.DLL+2E8D7 > ntdll.dll+8C3FC,null-or-small,,,0,000000383C400000,000000383C3F5000,000000383B400000,000000383C3FF020,ucrtbase.dll,restored-other,5,3,2,0,0,0,5,rcx=00007FFDF4669A5C|committed|side=held-in-present;rbx=000000383C3FF1C0|committed|side=restored-from-save;rsp=000000383C3FF020|committed|side=restored-from-save;rsi=00007FFDF4650000|committed|side=held-in-present;r8=000000383C3FF020|committed|side=restored-from-save
3,2026-08-31 18:50:49,19856,chunk_01.txt,DIED,0,0,0,entered,17,17,C0000005,00007FFDF466E558,ucrtbase.dll+1E558,ucrtbase.dll,1E558,9800,0,0,0,1,1,reading,FFFFFFFFFFFFFFFF,unmapped,unmapped,,,,6,ucrtbase.dll+1E558 > ucrtbase.dll+18588 > ss_ctx.exe+124A2 > ss_ctx.exe+331D > KERNEL32.DLL+2E8D7 > ntdll.dll+8C3FC,all-ones,,"high half FFFFFFFF present, low half ALL ONES - a 64-bit value whose low dword was -1 when it was read",0,000000376AC00000,000000376ABF5000,0000003769C00000,000000376ABFF130,ucrtbase.dll,restored-other,6,5,1,0,0,0,6,rsp=000000376ABFF130|committed|side=restored-from-save;rbp=000000376ABFF2C0|committed|side=restored-from-save;rsi=00007FFDF4650000|committed|side=held-in-present;rdi=000000376ABFF250|committed|side=restored-from-save;r8=000000376ABFF130|committed|side=restored-from-save;r13=00000154D984F0E0|committed|side=restored-from-save
5,2026-08-31 18:51:01,1100,chunk_01.txt,DIED,0,0,0,entered,23,23,C0000005,00007FFDF466E426,ucrtbase.dll+1E426,ucrtbase.dll,1E426,4512,0,0,0,1,1,writing,0000000000000030,unmapped,unmapped,,,,6,ucrtbase.dll+1E426 > ucrtbase.dll+18588 > ss_ctx.exe+124A2 > ss_ctx.exe+3238 > KERNEL32.DLL+2E8D7 > ntdll.dll+8C3FC,null-or-small,,,0,000000E90C400000,000000E90C3F5000,000000E90B400000,000000E90C3FF370,ucrtbase.dll,restored-other,6,6,0,0,0,0,6,rax=000000E90C3FF9C0|committed|side=restored-from-save;rcx=000000E90C3FF490|committed|side=restored-from-save;rsp=000000E90C3FF370|committed|side=restored-from-save;rbp=000000E90C3FF500|committed|side=restored-from-save;rdi=000000E90C3FF490|committed|side=restored-from-save;r8=000000E90C3FF400|committed|side=restored-from-save
8,2026-08-31 18:51:23,11600,chunk_01.txt,DIED,0,0,0,entered,22,22,C0000005,00007FFDF4669CD8,ucrtbase.dll+19CD8,ucrtbase.dll,19CD8,11788,0,0,0,1,1,reading,0000000000019DFC,unmapped,unmapped,,,,7,ucrtbase.dll+19CD8 > ucrtbase.dll+1E541 > ucrtbase.dll+18588 > ss_ctx.exe+124A2 > ss_ctx.exe+3238 > KERNEL32.DLL+2E8D7 > ntdll.dll+8C3FC,other,,,0,000000D37FA00000,000000D37F9F5000,000000D37EA00000,000000D37F9FEF00,ucrtbase.dll,restored-other,7,5,2,0,0,0,7,rcx=00007FFDF4669CD8|committed|side=held-in-present;rbx=000000D37F9FF0A0|committed|side=restored-from-save;rsp=000000D37F9FEF00|committed|side=restored-from-save;rbp=000000D37F9FF060|committed|side=restored-from-save;rsi=00007FFDF4650000|committed|side=held-in-present;rdi=000000D37F9FF0A0|committed|side=restored-from-save;r8=000000D37F9FEF00|committed|side=restored-from-save
12,2026-08-31 18:51:50,17312,chunk_01.txt,DIED,0,0,0,entered,14,14,C0000005,00007FFDF473DC1F,ucrtbase.dll+EDC1F,ucrtbase.dll,EDC1F,22592,0,0,0,1,1,reading,0000000000000000,unmapped,unmapped,,,rdx;rbp;r12,9,ucrtbase.dll+EDC1F > ucrtbase.dll+19EC1 > ucrtbase.dll+19A09 > ucrtbase.dll+1E541 > ucrtbase.dll+18588 > ss_ctx.exe+124A2 > ss_ctx.exe+3238 > KERNEL32.DLL+2E8D7 > ntdll.dll+8C3FC,null-or-small,,,0,000000200BC00000,000000200BBF5000,000000200AC00000,000000200BBFF398,ucrtbase.dll,restored-other,6,4,2,0,0,0,6,rsp=000000200BBFF398|committed|side=restored-from-save;rdi=000000200BBFF9D0|committed|side=restored-from-save;r9=00007FFDF473DC1F|committed|side=held-in-present;r10=00007FFDF4650000|committed|side=held-in-present;r14=000000200BBFF590|committed|side=restored-from-save;r15=000000200BBFF9D0|committed|side=restored-from-save
13,2026-08-31 18:51:55,22796,chunk_01.txt,DIED,0,0,0,entered,5,5,C0000005,00007FFDF798DF5C,ntdll.dll+DF5C,ntdll.dll,DF5C,26052,0,0,0,1,1,writing,0000000000000018,unmapped,unmapped,,,,7,ntdll.dll+DF5C > ntdll.dll+DA3F > mono-2.0-bdwgc.dll+70D77 > mono-2.0-bdwgc.dll+70CAB > ss_ctx.exe+2FFA > KERNEL32.DLL+2E8D7 > ntdll.dll+8C3FC,null-or-small,,,0,000000FB6CE00000,000000FB6CDF5000,000000FB6BE00000,000000FB6CDFFAE0,ntdll.dll,restored-other,8,7,1,0,4,0,4,rax=00000222CEF6E2F0|committed|heap=game's runtime/rewind|side=restored-from-save;rcx=00000222CC688FC0|committed|heap=game's runtime/rewind|side=restored-from-save;rdx=000000FB6FDFF772|committed|side=restored-from-save;rbx=000000FB65D04000|committed|side=held-in-present;rsp=000000FB6CDFFAE0|committed|side=restored-from-save;rsi=00000222CC688FB8|committed|heap=game's runtime/rewind|side=restored-from-save;r9=00000222CC688FC0|committed|heap=game's runtime/rewind|side=restored-from-save;r14=000000FB6FDFF770|committed|side=restored-from-save
16,2026-08-31 18:52:13,21272,chunk_01.txt,DIED,0,0,0,entered,16,16,C0000005,00007FFDF4662E7A,ucrtbase.dll+12E7A,ucrtbase.dll,12E7A,20056,0,0,0,1,1,reading,0000000000000000,unmapped,unmapped,,,rax;rdx;r9;r10;r12;r14,7,ucrtbase.dll+12E7A > ucrtbase.dll+1E66F > ucrtbase.dll+18588 > ss_ctx.exe+124A2 > ss_ctx.exe+3238 > KERNEL32.DLL+2E8D7 > ntdll.dll+8C3FC,null-or-small,,,0,0000003610400000,00000036103F5000,000000360F400000,00000036103FF010,ucrtbase.dll,restored-other,6,4,2,0,0,0,6,rcx=00007FFDF4662E76|committed|side=held-in-present;rsp=00000036103FF010|committed|side=restored-from-save;rbp=00000036103FF120|committed|side=restored-from-save;rsi=00007FFDF4650000|committed|side=held-in-present;rdi=00000036103FF160|committed|side=restored-from-save;r8=00000036103FF030|committed|side=restored-from-save
18,2026-08-31 18:52:25,14460,chunk_01.txt,DIED,0,0,0,entered,1,1,C0000005,00007FFDF798AC77,ntdll.dll+AC77,ntdll.dll,AC77,7556,0,0,0,1,1,writing,0000000000000018,unmapped,unmapped,,,,8,ntdll.dll+AC77 > ntdll.dll+C66F > ntdll.dll+D8E2 > mono-2.0-bdwgc.dll+70D07 > mono-2.0-bdwgc.dll+70CAB > ss_ctx.exe+2FFA > KERNEL32.DLL+2E8D7 > ntdll.dll+8C3FC,null-or-small,,,0,000000253B000000,000000253AFF5000,000000253A000000,000000253AFFF490,ntdll.dll,restored-other,10,8,2,0,4,0,6,rax=000000253AFFF4E2|committed|side=restored-from-save;rcx=000000253AFFF4E0|committed|side=restored-from-save;rdx=000001F29FB45130|committed|heap=game's runtime/rewind|side=restored-from-save;rsp=000000253AFFF490|committed|side=restored-from-save;rbp=000000253AFFF529|committed|side=restored-from-save;rdi=000001F29CB09348|committed|heap=game's runtime/rewind|side=restored-from-save;r8=0000002533FE3470|committed|side=held-in-present;r9=000001F29CB09350|committed|heap=game's runtime/rewind|side=restored-from-save;r12=000001F29CB09350|committed|heap=game's runtime/rewind|side=restored-from-save;r15=0000002533FE33A0|committed|side=held-in-present
19,2026-08-31 18:52:27,8284,chunk_01.txt,DIED,0,0,0,entered,4,4,C0000005,00007FFDF468CCBE,ucrtbase.dll+3CCBE,ucrtbase.dll,3CCBE,14440,0,0,0,1,1,reading,0000000000000000,unmapped,unmapped,,,rax;rcx;r9;r10;r15,4,ucrtbase.dll+3CCBE > ss_ctx.exe+3063 > KERNEL32.DLL+2E8D7 > ntdll.dll+8C3FC,null-or-small,,,0,000000D7DB800000,000000D7DB7F5000,000000D7DA800000,000000D7DB7FF958,ss_ctx.exe,ss_ctx-parked,4,4,0,0,2,0,2,rbx=000002CF4B3FE0E0|committed|heap=game's runtime/rewind|side=restored-from-save;rsp=000000D7DB7FF958|committed|side=restored-from-save;rbp=000000D7DB7FF9E0|committed|side=restored-from-save;r12=000002CF4B8D4388|committed|heap=game's runtime/rewind|side=restored-from-save
22,2026-08-31 18:52:46,5068,chunk_02.txt,DIED,0,0,0,entered,10,10,C0000005,00007FFDF466E1A4,ucrtbase.dll+1E1A4,ucrtbase.dll,1E1A4,11920,0,0,0,1,1,reading,FFFFFFFFFFFFFFFF,unmapped,unmapped,,,rcx;r9,6,ucrtbase.dll+1E1A4 > ucrtbase.dll+18588 > ss_ctx.exe+124A2 > ss_ctx.exe+3238 > KERNEL32.DLL+2E8D7 > ntdll.dll+8C3FC,all-ones,,"high half FFFFFFFF present, low half ALL ONES - a 64-bit value whose low dword was -1 when it was read",0,000000A38C800000,000000A38C7F5000,000000A38B800000,000000A38C7FF400,ucrtbase.dll,restored-other,6,5,1,0,0,0,6,rdx=000000A38C7FF490|committed|side=restored-from-save;rsp=000000A38C7FF400|committed|side=restored-from-save;rbp=000000A38C7FF4E0|committed|side=restored-from-save;rsi=00007FFDF4650000|committed|side=held-in-present;rdi=000000A38C7FF520|committed|side=restored-from-save;r8=000000A38C7FF3D0|committed|side=restored-from-save
25,2026-08-31 18:53:10,25228,chunk_02.txt,DIED,0,0,0,entered,25,25,C0000005,00007FF7FFFFFFFF,unknown+0,unknown,0,8784,0,0,0,1,1,executing,00007FF7FFFFFFFF,unmapped,unmapped,,,,1,NOT_EXECUTABLE,half-ptr-low-ones,surviving-half-matches-a-module-base-high,"high half 00007FF7 present, low half ALL ONES - a 64-bit value whose low dword was -1 when it was read",0,000000EA32600000,000000EA325F5000,000000EA31600000,000000EA325FF860,KERNELBASE.dll,restored-other,4,4,0,0,1,0,3,rsp=000000EA325FF860|committed|side=restored-from-save;rbp=000000EA325FF8E0|committed|side=restored-from-save;r12=0000025087D46758|committed|heap=game's runtime/rewind|side=restored-from-save;r13=0000025088555AF0|committed|side=restored-from-save
26,2026-08-31 18:53:16,14140,chunk_02.txt,DIED,0,0,0,entered,11,11,C0000005,00007FFDF466E1A4,ucrtbase.dll+1E1A4,ucrtbase.dll,1E1A4,25880,0,0,0,1,1,reading,0000000000000001,unmapped,unmapped,,,r9,6,ucrtbase.dll+1E1A4 > ucrtbase.dll+18588 > ss_ctx.exe+124A2 > ss_ctx.exe+3238 > KERNEL32.DLL+2E8D7 > ntdll.dll+8C3FC,null-or-small,,,0,000000F340C00000,000000F340BF5000,000000F33FC00000,000000F340BFF280,ucrtbase.dll,restored-other,7,6,1,0,0,0,7,rax=000000F340BFF340|committed|side=restored-from-save;rcx=000000F340BFF90E|committed|side=restored-from-save;rbx=000000F340BFF360|committed|side=restored-from-save;rsp=000000F340BFF280|committed|side=restored-from-save;rbp=000000F340BFF360|committed|side=restored-from-save;rsi=00007FFDF4650000|committed|side=held-in-present;rdi=000000F340BFF3A0|committed|side=restored-from-save
29,2026-08-31 18:53:32,10436,chunk_02.txt,DIED,0,0,0,entered,6,6,C0000005,00007FFDF466E558,ucrtbase.dll+1E558,ucrtbase.dll,1E558,17668,0,0,0,1,1,reading,FFFFFFFFFFFFFFFF,unmapped,unmapped,,,,6,ucrtbase.dll+1E558 > ucrtbase.dll+18588 > ss_ctx.exe+124A2 > ss_ctx.exe+3238 > KERNEL32.DLL+2E8D7 > ntdll.dll+8C3FC,all-ones,,"high half FFFFFFFF present, low half ALL ONES - a 64-bit value whose low dword was -1 when it was read",0,000000B1A6400000,000000B1A63F5000,000000B1A5400000,000000B1A63FF0F0,ucrtbase.dll,restored-other,5,4,1,0,0,0,5,rsp=000000B1A63FF0F0|committed|side=restored-from-save;rbp=000000B1A63FF1D0|committed|side=restored-from-save;rsi=00007FFDF4650000|committed|side=held-in-present;rdi=000000B1A63FF210|committed|side=restored-from-save;r8=000000B1A63FF0F0|committed|side=restored-from-save
30,2026-08-31 18:53:36,12716,chunk_02.txt,DIED,0,0,0,entered,13,13,C0000005,00007FFDF4669CD8,ucrtbase.dll+19CD8,ucrtbase.dll,19CD8,13668,0,0,0,1,1,reading,0000000000019DFC,unmapped,unmapped,,,,7,ucrtbase.dll+19CD8 > ucrtbase.dll+1E541 > ucrtbase.dll+18588 > ss_ctx.exe+124A2 > ss_ctx.exe+3238 > KERNEL32.DLL+2E8D7 > ntdll.dll+8C3FC,other,,,0,0000006EB9400000,0000006EB93F5000,0000006EB8400000,0000006EB93FF4F0,ucrtbase.dll,restored-other,7,5,2,0,0,0,7,rcx=00007FFDF4669CD8|committed|side=held-in-present;rbx=0000006EB93FF690|committed|side=restored-from-save;rsp=0000006EB93FF4F0|committed|side=restored-from-save;rbp=0000006EB93FF650|committed|side=restored-from-save;rsi=00007FFDF4650000|committed|side=held-in-present;rdi=0000006EB93FF690|committed|side=restored-from-save;r8=0000006EB93FF4F0|committed|side=restored-from-save
32,2026-08-31 18:53:47,20824,chunk_02.txt,DIED,0,0,0,25,29,29,C0000005,00007FFDF466E17B,ucrtbase.dll+1E17B,ucrtbase.dll,1E17B,18956,0,0,0,1,1,writing,00007FFDF466E59E,ucrtbase.dll,other,,,,6,ucrtbase.dll+1E17B > ucrtbase.dll+18588 > ss_ctx.exe+124A2 > ss_ctx.exe+3238 > KERNEL32.DLL+2E8D7 > ntdll.dll+8C3FC,module-like,,,0,00000057ACC00000,00000057ACBF5000,00000057ABC00000,00000057ACBFF580,ucrtbase.dll,restored-other,6,3,3,0,0,0,6,rcx=00007FFDF466E136|committed|side=held-in-present;rsp=00000057ACBFF580|committed|side=restored-from-save;rbp=00000057ACBFF710|committed|side=restored-from-save;rsi=00007FFDF4650000|committed|side=held-in-present;rdi=00007FFDF466E136|committed|side=held-in-present;r8=00000057ACBFF5E8|committed|side=restored-from-save
34,2026-08-31 18:54:04,26004,chunk_02.txt,DIED,0,0,0,entered,23,23,C0000005,00007FFDF798C559,ntdll.dll+C559,ntdll.dll,C559,7592,0,0,0,1,1,reading,0000000000000000,unmapped,unmapped,,,rax;rcx;rdx;rbp;rsi;r9;r10,7,ntdll.dll+C559 > ntdll.dll+D8E2 > mono-2.0-bdwgc.dll+70D07 > mono-2.0-bdwgc.dll+70CAB > ss_ctx.exe+2FFA > KERNEL32.DLL+2E8D7 > ntdll.dll+8C3FC,null-or-small,,,0,000000013F000000,000000013EFF5000,000000013E000000,000000013EFFFB60,ntdll.dll,restored-other,3,3,0,0,1,0,2,rsp=000000013EFFFB60|committed|side=restored-from-save;r8=000000013EFFFB60|committed|side=restored-from-save;r14=000001F6564F97C8|committed|heap=game's runtime/rewind|side=restored-from-save
35,2026-08-31 18:54:11,12112,chunk_02.txt,DIED,0,0,0,entered,21,21,C0000005,00007FFDF466E558,ucrtbase.dll+1E558,ucrtbase.dll,1E558,24144,0,0,0,1,1,reading,FFFFFFFFFFFFFFFF,unmapped,unmapped,,,,6,ucrtbase.dll+1E558 > ucrtbase.dll+18588 > ss_ctx.exe+124A2 > ss_ctx.exe+331D > KERNEL32.DLL+2E8D7 > ntdll.dll+8C3FC,all-ones,,"high half FFFFFFFF present, low half ALL ONES - a 64-bit value whose low dword was -1 when it was read",0,0000009702000000,0000009701FF5000,0000009701000000,0000009701FFF2B0,ucrtbase.dll,restored-other,6,5,1,0,0,0,6,rsp=0000009701FFF2B0|committed|side=restored-from-save;rbp=0000009701FFF390|committed|side=restored-from-save;rsi=00007FFDF4650000|committed|side=held-in-present;rdi=0000009701FFF3D0|committed|side=restored-from-save;r8=0000009701FFF2B0|committed|side=restored-from-save;r13=000001CB57608930|committed|side=restored-from-save
36,2026-08-31 18:54:17,19784,chunk_02.txt,DIED,0,0,0,entered,22,22,C0000005,00007FF7FFFFFFFF,unknown+0,unknown,0,732,0,0,0,1,1,executing,00007FF7FFFFFFFF,unmapped,unmapped,,,,1,NOT_EXECUTABLE,half-ptr-low-ones,surviving-half-matches-a-module-base-high,"high half 00007FF7 present, low half ALL ONES - a 64-bit value whose low dword was -1 when it was read",0,000000D73B600000,000000D73B5F5000,000000D73A600000,000000D73B5FF950,KERNELBASE.dll,restored-other,3,3,0,0,1,0,2,rsp=000000D73B5FF950|committed|side=restored-from-save;rbp=000000D73B5FF9D0|committed|side=restored-from-save;r12=000002D6BB5782D8|committed|heap=game's runtime/rewind|side=restored-from-save
37,2026-08-31 18:54:23,26088,chunk_02.txt,DIED,0,0,0,entered,12,12,C0000005,00007FFDF466E1A4,ucrtbase.dll+1E1A4,ucrtbase.dll,1E1A4,20144,0,0,0,1,1,reading,0000000000000000,unmapped,unmapped,,,rax;rdx;r9;r10;r12;r14,6,ucrtbase.dll+1E1A4 > ucrtbase.dll+18588 > ss_ctx.exe+124A2 > ss_ctx.exe+3238 > KERNEL32.DLL+2E8D7 > ntdll.dll+8C3FC,null-or-small,,,0,00000001DAC00000,00000001DABF5000,00000001D9C00000,00000001DABFF490,ucrtbase.dll,restored-other,6,4,2,0,0,0,6,rcx=00007FFDF466E1A4|committed|side=held-in-present;rsp=00000001DABFF490|committed|side=restored-from-save;rbp=00000001DABFF620|committed|side=restored-from-save;rsi=00007FFDF4650000|committed|side=held-in-present;rdi=00000001DABFF5B0|committed|side=restored-from-save;r8=00000001DABFF490|committed|side=restored-from-save
41,2026-08-31 18:54:48,12736,chunk_03.txt,DIED,0,0,0,entered,9,9,C0000005,00007FFDF468CCCB,ucrtbase.dll+3CCCB,ucrtbase.dll,3CCCB,15452,0,0,0,1,1,reading,FFFFFFFFFFFFFFFF,unmapped,unmapped,,,,4,ucrtbase.dll+3CCCB > ss_ctx.exe+3063 > KERNEL32.DLL+2E8D7 > ntdll.dll+8C3FC,all-ones,,"high half FFFFFFFF present, low half ALL ONES - a 64-bit value whose low dword was -1 when it was read",0,00000041F6000000,00000041F5FF5000,00000041F5000000,00000041F5FFFD68,ucrtbase.dll,restored-other,6,5,1,0,2,0,4,rcx=00007FFDF468CCC2|committed|side=held-in-present;rbx=000001CF570E4F08|committed|heap=game's runtime/rewind|side=restored-from-save;rsp=00000041F5FFFD68|committed|side=restored-from-save;rbp=00000041F5FFFDF0|committed|side=restored-from-save;r8=00000041F5FFFD68|committed|side=restored-from-save;r12=000001CF570E5330|committed|heap=game's runtime/rewind|side=restored-from-save
44,2026-08-31 18:55:11,8928,chunk_03.txt,DIED,0,0,0,entered,13,13,C0000005,00007FFDF46951E7,ucrtbase.dll+451E7,ucrtbase.dll,451E7,22144,0,0,0,1,1,writing,0000000000000000,unmapped,unmapped,,,rdx;rdi;r9;r10;r12;r14,8,ucrtbase.dll+451E7 > ucrtbase.dll+19D0C > ucrtbase.dll+1E541 > ucrtbase.dll+18588 > ss_ctx.exe+124A2 > ss_ctx.exe+3238 > KERNEL32.DLL+2E8D7 > ntdll.dll+8C3FC,null-or-small,,,0,000000391D600000,000000391D5F5000,000000391C600000,000000391D5FF290,ucrtbase.dll,restored-other,3,3,0,0,0,0,3,rbx=000000391D5FF480|committed|side=restored-from-save;rsp=000000391D5FF290|committed|side=restored-from-save;rbp=000000391D5FF4D0|committed|side=restored-from-save
46,2026-08-31 18:55:21,21636,chunk_03.txt,DIED,0,0,0,25,29,29,C0000005,00007FFDF466E17B,ucrtbase.dll+1E17B,ucrtbase.dll,1E17B,13888,0,0,0,1,1,writing,00007FFDF46689AA,ucrtbase.dll,other,,,,6,ucrtbase.dll+1E17B > ucrtbase.dll+18588 > ss_ctx.exe+124A2 > ss_ctx.exe+3238 > KERNEL32.DLL+2E8D7 > ntdll.dll+8C3FC,module-like,,,0,0000008D8B600000,0000008D8B5F5000,0000008D8A600000,0000008D8B5FF290,ucrtbase.dll,restored-other,7,4,3,0,0,0,7,rax=0000008D8B5FF8E0|committed|side=restored-from-save;rcx=00007FFDF4668542|committed|side=held-in-present;rsp=0000008D8B5FF290|committed|side=restored-from-save;rbp=0000008D8B5FF420|committed|side=restored-from-save;rsi=00007FFDF4650000|committed|side=held-in-present;rdi=00007FFDF4668542|committed|side=held-in-present;r8=0000008D8B5FF320|committed|side=restored-from-save
48,2026-08-31 18:55:40,24692,chunk_03.txt,DIED,0,0,0,entered,19,19,C0000005,00007FFDF473D171,ucrtbase.dll+ED171,ucrtbase.dll,ED171,19080,0,0,0,1,1,reading,0000000000000000,unmapped,unmapped,,,rax;rdx;rdi;r9;r10;r15,4,ucrtbase.dll+ED171 > ss_ctx.exe+3255 > KERNEL32.DLL+2E8D7 > ntdll.dll+8C3FC,null-or-small,,,0,000000C914600000,000000C9145F5000,000000C913600000,000000C9145FFD58,ucrtbase.dll,restored-other,6,5,1,0,1,0,5,rcx=00007FFDF473D167|committed|side=held-in-present;rsp=000000C9145FFD58|committed|side=restored-from-save;rbp=000000C9145FFDE0|committed|side=restored-from-save;r8=000000C9145FFD58|committed|side=restored-from-save;r12=000002C60444FB68|committed|heap=game's runtime/rewind|side=restored-from-save;r13=000000C9145FFDA0|committed|side=restored-from-save
49,2026-08-31 18:55:46,22424,chunk_03.txt,DIED,0,0,0,entered,15,15,C0000005,00007FFDF4669CD8,ucrtbase.dll+19CD8,ucrtbase.dll,19CD8,3240,0,0,0,1,1,reading,0000000000019DFC,unmapped,unmapped,,,,7,ucrtbase.dll+19CD8 > ucrtbase.dll+1E541 > ucrtbase.dll+18588 > ss_ctx.exe+124A2 > ss_ctx.exe+3238 > KERNEL32.DLL+2E8D7 > ntdll.dll+8C3FC,other,,,0,0000003D8D600000,0000003D8D5F5000,0000003D8C600000,0000003D8D5FF3A0,ucrtbase.dll,restored-other,7,5,2,0,0,0,7,rcx=00007FFDF4669CD8|committed|side=held-in-present;rbx=0000003D8D5FF540|committed|side=restored-from-save;rsp=0000003D8D5FF3A0|committed|side=restored-from-save;rbp=0000003D8D5FF500|committed|side=restored-from-save;rsi=00007FFDF4650000|committed|side=held-in-present;rdi=0000003D8D5FF540|committed|side=restored-from-save;r8=0000003D8D5FF3A0|committed|side=restored-from-save
51,2026-08-31 18:55:55,8912,chunk_03.txt,DIED,0,0,0,entered,13,13,C0000005,00007FFDF4669E9A,ucrtbase.dll+19E9A,ucrtbase.dll,19E9A,9460,0,0,0,1,1,reading,FFFFFFFFFFFFFFFF,unmapped,unmapped,,,,8,ucrtbase.dll+19E9A > ucrtbase.dll+19A09 > ucrtbase.dll+1E541 > ucrtbase.dll+18588 > ss_ctx.exe+124A2 > ss_ctx.exe+3238 > KERNEL32.DLL+2E8D7 > ntdll.dll+8C3FC,all-ones,,"high half FFFFFFFF present, low half ALL ONES - a 64-bit value whose low dword was -1 when it was read",0,0000003CEB000000,0000003CEAFF5000,0000003CEA000000,0000003CEAFFF120,ucrtbase.dll,restored-other,5,4,1,0,0,0,5,rbx=0000003CEAFFF2F0|committed|side=restored-from-save;rsp=0000003CEAFFF120|committed|side=restored-from-save;rdi=00007FFDF4669E85|committed|side=held-in-present;r8=0000003CEAFFF140|committed|side=restored-from-save;r15=0000003CEAFFF750|committed|side=restored-from-save
57,2026-08-31 18:56:33,9596,chunk_03.txt,DIED,0,0,0,entered,16,16,C0000005,00007FFD325EC460,mono-2.0-bdwgc.dll+3C460,mono-2.0-bdwgc.dll,3C460,10400,0,0,0,1,1,reading,FFFFFFFFFFFFFFFF,unmapped,unmapped,,,,6,mono-2.0-bdwgc.dll+3C460 > mono-2.0-bdwgc.dll+12A8FF > mono-2.0-bdwgc.dll+B519F > ss_ctx.exe+32EF > KERNEL32.DLL+2E8D7 > ntdll.dll+8C3FC,all-ones,,"high half FFFFFFFF present, low half ALL ONES - a 64-bit value whose low dword was -1 when it was read",0,000000409C600000,000000409C5F5000,000000409B600000,000000409C5FFB48,ss_ctx.exe,ss_ctx-parked,6,5,0,1,0,0,6,rax=00000140F3A82D20|committed|side=restored-from-save;rbx=00007FF704BA32E9|committed|side=neither;rsp=000000409C5FFB48|committed|side=restored-from-save;r9=000000409C5FFBC0|committed|side=restored-from-save;r14=000000409C5FFBC0|committed|side=restored-from-save;r15=00000140F3A82D20|committed|side=restored-from-save
60,2026-08-31 18:56:52,23572,chunk_03.txt,DIED,0,0,0,entered,5,5,C0000005,00007FFDF798C55C,ntdll.dll+C55C,ntdll.dll,C55C,26672,0,0,1,0,1,reading,0000000000000000,unmapped,unmapped,,,rax;rdx;rbp;rsi;r9;r10,0,,null-or-small,,,0,0000005B12400000,0000005B123F5000,0000005B11400000,0000005B123FF420,ntdll.dll,restored-other,4,3,1,0,1,0,3,rcx=00007FFDF798C55C|committed|side=held-in-present;rsp=0000005B123FF420|committed|side=restored-from-save;r8=0000005B123FF420|committed|side=restored-from-save;r14=000001C2DD94A5E8|committed|heap=game's runtime/rewind|side=restored-from-save
60,2026-08-31 18:56:52,23572,chunk_03.txt,DIED,0,0,0,entered,5,5,C0000005,00007FFDF798C55C,ntdll.dll+C55C,ntdll.dll,C55C,25604,0,0,0,1,2,reading,0000000000000000,unmapped,unmapped,,,rax;rdx;rbp;rsi;r9;r10,4,ntdll.dll+C55C > ntdll.dll+D8E2 > mono-2.0-bdwgc.dll+70D07 > mono-2.0-bdwgc.dll+70CAB,null-or-small,,,0,0000005B13400000,0000005B133F5000,0000005B12400000,0000005B133FF9D0,ntdll.dll,restored-other,4,3,1,0,1,0,3,rcx=00007FFDF798C55C|committed|side=held-in-present;rsp=0000005B133FF9D0|committed|side=restored-from-save;r8=0000005B133FF9D0|committed|side=restored-from-save;r14=000001C2DD94A5E8|committed|heap=game's runtime/rewind|side=restored-from-save
62,2026-08-31 18:57:02,10608,chunk_04.txt,DIED,0,0,0,entered,7,7,C0000005,00007FFDF4669A73,ucrtbase.dll+19A73,ucrtbase.dll,19A73,23904,0,0,0,1,1,reading,0000000000000000,unmapped,unmapped,,,rax;rdx;rbp;r9;r10;r12;r14,7,ucrtbase.dll+19A73 > ucrtbase.dll+1E541 > ucrtbase.dll+18588 > ss_ctx.exe+124A2 > ss_ctx.exe+3238 > KERNEL32.DLL+2E8D7 > ntdll.dll+8C3FC,null-or-small,,,0,000000B515000000,000000B514FF5000,000000B514000000,000000B514FFF3D0,ucrtbase.dll,restored-other,5,3,2,0,0,0,5,rcx=00007FFDF4669A73|committed|side=held-in-present;rbx=000000B514FFF570|committed|side=restored-from-save;rsp=000000B514FFF3D0|committed|side=restored-from-save;rsi=00007FFDF4650000|committed|side=held-in-present;r8=000000B514FFF3D0|committed|side=restored-from-save
64,2026-08-31 18:57:13,3224,chunk_04.txt,DIED,0,0,0,entered,20,20,C0000005,00007FFDF46951E7,ucrtbase.dll+451E7,ucrtbase.dll,451E7,16116,0,0,0,1,1,writing,0000000000000000,unmapped,unmapped,,,rdx;rdi;r9;r10;r12;r14,8,ucrtbase.dll+451E7 > ucrtbase.dll+19D0C > ucrtbase.dll+1E541 > ucrtbase.dll+18588 > ss_ctx.exe+124A2 > ss_ctx.exe+3238 > KERNEL32.DLL+2E8D7 > ntdll.dll+8C3FC,null-or-small,,,0,000000BB04000000,000000BB03FF5000,000000BB03000000,000000BB03FFF120,ucrtbase.dll,restored-other,3,3,0,0,0,0,3,rbx=000000BB03FFF310|committed|side=restored-from-save;rsp=000000BB03FFF120|committed|side=restored-from-save;rbp=000000BB03FFF360|committed|side=restored-from-save
68,2026-08-31 18:57:45,16616,chunk_04.txt,DIED,0,0,0,entered,7,7,C0000005,00007FFDF73442F0,KERNEL32.DLL+842F0,KERNEL32.DLL,842F0,19076,0,0,0,1,1,reading,FFFFFFFFFFFFFFFF,unmapped,unmapped,,,,6,KERNEL32.DLL+842F0 > mono-2.0-bdwgc.dll+12A8DD > mono-2.0-bdwgc.dll+B519F > ss_ctx.exe+32EF > KERNEL32.DLL+2E8D7 > ntdll.dll+8C3FC,all-ones,,"high half FFFFFFFF present, low half ALL ONES - a 64-bit value whose low dword was -1 when it was read",0,0000008902000000,0000008901FF3000,0000008901000000,0000008901FFFB88,KERNEL32.DLL,restored-other,7,6,1,0,1,0,6,rcx=00007FFDF73442F0|committed|side=held-in-present;rbx=000001D5F4DC7868|committed|heap=game's runtime/rewind|side=restored-from-save;rsp=0000008901FFFB88|committed|side=restored-from-save;rbp=0000008901FFFD00|committed|side=restored-from-save;r8=0000008901FFFB88|committed|side=restored-from-save;r13=0000008901FFFCC0|committed|side=restored-from-save;r14=0000008901FFFC00|committed|side=restored-from-save
69,2026-08-31 18:57:48,17744,chunk_04.txt,DIED,0,0,0,entered,16,16,C0000005,00007FFDF468CCCB,ucrtbase.dll+3CCCB,ucrtbase.dll,3CCCB,4328,0,0,0,1,1,reading,0000000000000000,unmapped,unmapped,,,rax;rdx;rsi;rdi;r9;r10;r14;r15,4,ucrtbase.dll+3CCCB > ss_ctx.exe+3063 > KERNEL32.DLL+2E8D7 > ntdll.dll+8C3FC,null-or-small,,,0,000000E0CF800000,000000E0CF7F5000,000000E0CE800000,000000E0CF7FF868,ucrtbase.dll,restored-other,6,5,1,0,2,0,4,rcx=00007FFDF468CCC2|committed|side=held-in-present;rbx=000002C2543798C8|committed|heap=game's runtime/rewind|side=restored-from-save;rsp=000000E0CF7FF868|committed|side=restored-from-save;rbp=000000E0CF7FF8F0|committed|side=restored-from-save;r8=000000E0CF7FF868|committed|side=restored-from-save;r12=000002C254390208|committed|heap=game's runtime/rewind|side=restored-from-save
71,2026-08-31 18:58:00,9596,chunk_04.txt,DIED,0,0,0,entered,14,14,C0000005,00007FFDF4669ECA,ucrtbase.dll+19ECA,ucrtbase.dll,19ECA,1908,0,0,0,1,1,writing,0000000000000010,unmapped,unmapped,,,,8,ucrtbase.dll+19ECA > ucrtbase.dll+19A09 > ucrtbase.dll+1E541 > ucrtbase.dll+18588 > ss_ctx.exe+124A2 > ss_ctx.exe+3238 > KERNEL32.DLL+2E8D7 > ntdll.dll+8C3FC,null-or-small,,,0,000000F78E000000,000000F78DFF5000,000000F78D000000,000000F78DFFEF70,ucrtbase.dll,restored-other,6,5,1,0,0,0,6,rcx=00007FFDF4669ECA|committed|side=held-in-present;rsp=000000F78DFFEF70|committed|side=restored-from-save;rdi=000000F78DFFF5A0|committed|side=restored-from-save;r8=000000F78DFFEF70|committed|side=restored-from-save;r14=000000F78DFFF160|committed|side=restored-from-save;r15=000000F78DFFF5A0|committed|side=restored-from-save
73,2026-08-31 18:58:11,1760,chunk_04.txt,DIED,0,0,0,entered,11,11,C0000005,00007FFDF4669A76,ucrtbase.dll+19A76,ucrtbase.dll,19A76,19320,0,0,0,1,1,writing,00007FFDF4669A76,ucrtbase.dll,other,,,rcx,7,ucrtbase.dll+19A76 > ucrtbase.dll+1E541 > ucrtbase.dll+18588 > ss_ctx.exe+124A2 > ss_ctx.exe+3238 > KERNEL32.DLL+2E8D7 > ntdll.dll+8C3FC,module-like,,,0,0000005C9DE00000,0000005C9DDF5000,0000005C9CE00000,0000005C9DDFF4A0,ucrtbase.dll,restored-other,5,3,2,0,0,0,5,rcx=00007FFDF4669A76|committed|side=held-in-present;rbx=0000005C9DDFF640|committed|side=restored-from-save;rsp=0000005C9DDFF4A0|committed|side=restored-from-save;rsi=00007FFDF4650000|committed|side=held-in-present;r8=0000005C9DDFF4A0|committed|side=restored-from-save
74,2026-08-31 18:58:15,23316,chunk_04.txt,DIED,0,0,0,25,26,26,C0000005,00007FFDF468CCCB,ucrtbase.dll+3CCCB,ucrtbase.dll,3CCCB,24272,0,0,0,1,1,reading,0000000000000000,unmapped,unmapped,,,rax;rdx;rdi;r9;r10;r15,4,ucrtbase.dll+3CCCB > ss_ctx.exe+3063 > KERNEL32.DLL+2E8D7 > ntdll.dll+8C3FC,null-or-small,,,0,00000089C7E00000,00000089C7DF3000,00000089C6E00000,00000089C7DFF7A8,ucrtbase.dll,restored-other,6,5,1,0,2,0,4,rcx=00007FFDF468CCC2|committed|side=held-in-present;rbx=000001A84F405D78|committed|heap=game's runtime/rewind|side=restored-from-save;rsp=00000089C7DFF7A8|committed|side=restored-from-save;rbp=00000089C7DFF830|committed|side=restored-from-save;r8=00000089C7DFF7A8|committed|side=restored-from-save;r12=000001A851BE2AE8|committed|heap=game's runtime/rewind|side=restored-from-save
79,2026-08-31 18:58:49,25116,chunk_04.txt,DIED,0,0,0,entered,12,12,C0000005,00007FFDF798C559,ntdll.dll+C559,ntdll.dll,C559,5096,0,0,0,1,1,reading,0000000000000000,unmapped,unmapped,,,rax;rcx;rdx;rbp;rsi;r9;r10,7,ntdll.dll+C559 > ntdll.dll+D8E2 > mono-2.0-bdwgc.dll+70D07 > mono-2.0-bdwgc.dll+70CAB > ss_ctx.exe+2FFA > KERNEL32.DLL+2E8D7 > ntdll.dll+8C3FC,null-or-small,,,0,0000000344800000,00000003447F5000,0000000343800000,00000003447FF920,ntdll.dll,restored-other,3,3,0,0,1,0,2,rsp=00000003447FF920|committed|side=restored-from-save;r8=00000003447FF920|committed|side=restored-from-save;r14=00000145CCD09778|committed|heap=game's runtime/rewind|side=restored-from-save
81,2026-08-31 18:59:00,22252,chunk_05.txt,DIED,0,0,0,entered,5,5,C0000005,00007FFDF798C559,ntdll.dll+C559,ntdll.dll,C559,4716,0,0,1,0,1,reading,0000000000000000,unmapped,unmapped,,,rax;rcx;rdx;rbp;rsi;r9;r10,6,ntdll.dll+C559 > ntdll.dll+D8E2 > mono-2.0-bdwgc.dll+70D07 > mono-2.0-bdwgc.dll+70CAB > ss_ctx.exe+2FFA > KERNEL32.DLL+2E8D7,null-or-small,,,0,000000BE8AA00000,000000BE8A9F5000,000000BE89A00000,000000BE8A9FFA80,ntdll.dll,restored-other,3,3,0,0,1,0,2,rsp=000000BE8A9FFA80|committed|side=restored-from-save;r8=000000BE8A9FFA80|committed|side=restored-from-save;r14=00000211106897C8|committed|heap=game's runtime/rewind|side=restored-from-save
81,2026-08-31 18:59:00,22252,chunk_05.txt,DIED,0,0,0,entered,5,5,C0000005,00007FFDF798C559,ntdll.dll+C559,ntdll.dll,C559,14908,0,0,0,1,2,reading,0000000000000000,unmapped,unmapped,,,rax;rcx;rdx;rbp;rsi;r9;r10,7,ntdll.dll+C559 > ntdll.dll+D8E2 > mono-2.0-bdwgc.dll+70D07 > mono-2.0-bdwgc.dll+70CAB > ss_ctx.exe+2FFA > KERNEL32.DLL+2E8D7 > ntdll.dll+8C3FC,null-or-small,,,0,000000BE8BA00000,000000BE8B9F3000,000000BE8AA00000,000000BE8B9FFAE0,ntdll.dll,restored-other,3,3,0,0,1,0,2,rsp=000000BE8B9FFAE0|committed|side=restored-from-save;r8=000000BE8B9FFAE0|committed|side=restored-from-save;r14=00000211106897C8|committed|heap=game's runtime/rewind|side=restored-from-save
83,2026-08-31 18:59:12,19056,chunk_05.txt,DIED,0,0,0,entered,2,2,C0000005,00007FFDF469505C,ucrtbase.dll+4505C,ucrtbase.dll,4505C,26004,0,0,0,1,1,reading,FFFFFFFFFFFFFFFF,unmapped,unmapped,,,,8,ucrtbase.dll+4505C > ucrtbase.dll+19D0C > ucrtbase.dll+1E541 > ucrtbase.dll+18588 > ss_ctx.exe+124A2 > ss_ctx.exe+3238 > KERNEL32.DLL+2E8D7 > ntdll.dll+8C3FC,all-ones,,"high half FFFFFFFF present, low half ALL ONES - a 64-bit value whose low dword was -1 when it was read",0,0000006EA8200000,0000006EA81F5000,0000006EA7200000,0000006EA81FF2F0,ucrtbase.dll,restored-other,8,4,4,0,0,0,8,rcx=00007FFDF4694FF0|committed|side=held-in-present;rbx=00007FFDF4694FF0|committed|side=held-in-present;rsp=0000006EA81FF2F0|committed|side=restored-from-save;rbp=0000006EA81FF4A0|committed|side=restored-from-save;rsi=00007FFDF4650000|committed|side=held-in-present;rdi=0000006EA81FF4E0|committed|side=restored-from-save;r8=0000006EA81FF338|committed|side=restored-from-save;r14=00007FFDF4650000|committed|side=held-in-present
84,2026-08-31 18:59:14,19500,chunk_05.txt,DIED,0,0,0,entered,24,24,C0000005,00007FFDF4662E7A,ucrtbase.dll+12E7A,ucrtbase.dll,12E7A,11028,0,0,0,1,1,reading,0000000000000000,unmapped,unmapped,,,rax;rdx;r9;r10;r12;r14,7,ucrtbase.dll+12E7A > ucrtbase.dll+1E66F > ucrtbase.dll+18588 > ss_ctx.exe+124A2 > ss_ctx.exe+331D > KERNEL32.DLL+2E8D7 > ntdll.dll+8C3FC,null-or-small,,,0,000000585DA00000,000000585D9F5000,000000585CA00000,000000585D9FF570,ucrtbase.dll,restored-other,7,5,2,0,0,0,7,rcx=00007FFDF4662E65|committed|side=held-in-present;rsp=000000585D9FF570|committed|side=restored-from-save;rbp=000000585D9FF680|committed|side=restored-from-save;rsi=00007FFDF4650000|committed|side=held-in-present;rdi=000000585D9FF6C0|committed|side=restored-from-save;r8=000000585D9FF598|committed|side=restored-from-save;r13=0000017CC2282BA0|committed|side=restored-from-save
87,2026-08-31 18:59:34,6868,chunk_05.txt,DIED,0,0,0,25,25,25,C0000005,00007FFDF4667066,ucrtbase.dll+17066,ucrtbase.dll,17066,19496,0,0,0,1,1,reading,FFFFFFFFFFFFFFFF,unmapped,unmapped,,,rsi,6,ucrtbase.dll+17066 > ucrtbase.dll+185B2 > ss_ctx.exe+124A2 > ss_ctx.exe+3238 > KERNEL32.DLL+2E8D7 > ntdll.dll+8C3FC,all-ones,,"high half FFFFFFFF present, low half ALL ONES - a 64-bit value whose low dword was -1 when it was read",0,0000008544C00000,0000008544BF5000,0000008543C00000,0000008544BFF5C0,ucrtbase.dll,restored-other,4,2,2,0,0,0,4,rcx=00007FFDF4666F94|committed|side=held-in-present;rsp=0000008544BFF5C0|committed|side=restored-from-save;rdi=00007FFDF4666F94|committed|side=held-in-present;r8=0000008544BFF5C0|committed|side=restored-from-save
88,2026-08-31 18:59:41,14120,chunk_05.txt,DIED,0,0,0,entered,15,15,C0000005,00007FF7FFFFFFFF,unknown+0,unknown,0,3900,0,0,0,1,1,executing,00007FF7FFFFFFFF,unmapped,unmapped,,,,1,NOT_EXECUTABLE,half-ptr-low-ones,surviving-half-matches-a-module-base-high,"high half 00007FF7 present, low half ALL ONES - a 64-bit value whose low dword was -1 when it was read",0,000000A0FB600000,000000A0FB5F5000,000000A0FA600000,000000A0FB5FFA50,KERNELBASE.dll,restored-other,4,4,0,0,1,0,3,rsp=000000A0FB5FFA50|committed|side=restored-from-save;rbp=000000A0FB5FFAD0|committed|side=restored-from-save;r12=000001F33D097C80|committed|heap=game's runtime/rewind|side=restored-from-save;r13=000001F33D7FBBE0|committed|side=restored-from-save
89,2026-08-31 18:59:46,6992,chunk_05.txt,DIED,0,0,0,entered,2,2,C0000005,00007FFDF4669A76,ucrtbase.dll+19A76,ucrtbase.dll,19A76,13376,0,0,0,1,1,writing,00007FFDF4669A76,ucrtbase.dll,other,,,rcx,7,ucrtbase.dll+19A76 > ucrtbase.dll+1E541 > ucrtbase.dll+18588 > ss_ctx.exe+124A2 > ss_ctx.exe+3238 > KERNEL32.DLL+2E8D7 > ntdll.dll+8C3FC,module-like,,,0,0000002E0D800000,0000002E0D7F5000,0000002E0C800000,0000002E0D7FF160,ucrtbase.dll,restored-other,5,3,2,0,0,0,5,rcx=00007FFDF4669A76|committed|side=held-in-present;rbx=0000002E0D7FF300|committed|side=restored-from-save;rsp=0000002E0D7FF160|committed|side=restored-from-save;rsi=00007FFDF4650000|committed|side=held-in-present;r8=0000002E0D7FF160|committed|side=restored-from-save
90,2026-08-31 18:59:49,22104,chunk_05.txt,DIED,0,0,0,entered,18,18,C0000005,0000000000000000,unknown+0,unknown,0,16336,0,1,0,1,1,executing,0000000000000000,unmapped,unmapped,,,rax;rdx;rbp;r9;r10;r12,1,NOT_EXECUTABLE,SET-ASIDE-truncated-pc,,,0,0000006104000000,0000006103FF5000,0000006103000000,0000006103FFF5C8,ucrtbase.dll,restored-other,6,5,1,0,0,0,6,rcx=00007FFDF473DB48|committed|side=held-in-present;rsp=0000006103FFF5C8|committed|side=restored-from-save;rdi=0000006103FFFC00|committed|side=restored-from-save;r8=0000006103FFF5C8|committed|side=restored-from-save;r14=0000006103FFF7C0|committed|side=restored-from-save;r15=0000006103FFFC00|committed|side=restored-from-save
92,2026-08-31 19:00:01,22744,chunk_05.txt,DIED,0,0,0,entered,11,11,C0000005,00007FFDF468CCCB,ucrtbase.dll+3CCCB,ucrtbase.dll,3CCCB,27408,0,0,0,1,1,reading,0000000000000000,unmapped,unmapped,,,rax;rdx;r9;r10;r15,4,ucrtbase.dll+3CCCB > ss_ctx.exe+3063 > KERNEL32.DLL+2E8D7 > ntdll.dll+8C3FC,null-or-small,,,0,0000009FA1800000,0000009FA17F5000,0000009FA0800000,0000009FA17FFAA8,ucrtbase.dll,restored-other,6,5,1,0,2,0,4,rcx=00007FFDF468CCC2|committed|side=held-in-present;rbx=00000299CFF34BF8|committed|heap=game's runtime/rewind|side=restored-from-save;rsp=0000009FA17FFAA8|committed|side=restored-from-save;rbp=0000009FA17FFB30|committed|side=restored-from-save;r8=0000009FA17FFAA8|committed|side=restored-from-save;r12=00000299D2A125C8|committed|heap=game's runtime/rewind|side=restored-from-save
96,2026-08-31 19:00:25,18492,chunk_05.txt,DIED,0,0,0,entered,22,22,C0000005,00007FFDF4662E7A,ucrtbase.dll+12E7A,ucrtbase.dll,12E7A,26184,0,0,0,1,1,reading,0000000000000000,unmapped,unmapped,,,rax;rdx;r9;r10;r12;r14,7,ucrtbase.dll+12E7A > ucrtbase.dll+1E66F > ucrtbase.dll+18588 > ss_ctx.exe+124A2 > ss_ctx.exe+3238 > KERNEL32.DLL+2E8D7 > ntdll.dll+8C3FC,null-or-small,,,0,0000000D85000000,0000000D84FF5000,0000000D84000000,0000000D84FFF030,ucrtbase.dll,restored-other,6,4,2,0,0,0,6,rcx=00007FFDF4662E65|committed|side=held-in-present;rsp=0000000D84FFF030|committed|side=restored-from-save;rbp=0000000D84FFF140|committed|side=restored-from-save;rsi=00007FFDF4650000|committed|side=held-in-present;rdi=0000000D84FFF180|committed|side=restored-from-save;r8=0000000D84FFF058|committed|side=restored-from-save
97,2026-08-31 19:00:31,26648,chunk_05.txt,DIED,0,0,0,25,28,28,C0000005,00007FF704BA2F54,ss_ctx.exe+2F54,ss_ctx.exe,2F54,16204,0,0,0,1,1,reading,00000000000000D8,unmapped,unmapped,,,,3,ss_ctx.exe+2F54 > KERNEL32.DLL+2E8D7 > ntdll.dll+8C3FC,null-or-small,,,0,0000008A6FA00000,0000008A6F9F5000,0000008A6EA00000,0000008A6F9FFCB0,ss_ctx.exe,ss_ctx-parked,5,4,0,1,1,0,4,rcx=00007FF704BA2F54|committed|side=neither;rsp=0000008A6F9FFCB0|committed|side=restored-from-save;rbp=0000008A6F9FFD30|committed|side=restored-from-save;r8=0000008A6F9FFCB0|committed|side=restored-from-save;r12=00000241DA8081D8|committed|heap=game's runtime/rewind|side=restored-from-save
98,2026-08-31 19:00:39,19772,chunk_05.txt,DIED,0,0,0,entered,15,15,C0000005,00007FFDF4662E7A,ucrtbase.dll+12E7A,ucrtbase.dll,12E7A,22140,0,0,0,1,1,reading,0000000000000000,unmapped,unmapped,,,rax;rdx;r9;r10;r12;r14,7,ucrtbase.dll+12E7A > ucrtbase.dll+1E66F > ucrtbase.dll+18588 > ss_ctx.exe+124A2 > ss_ctx.exe+331D > KERNEL32.DLL+2E8D7 > ntdll.dll+8C3FC,null-or-small,,,0,000000328E200000,000000328E1F5000,000000328D200000,000000328E1FF3C0,ucrtbase.dll,restored-other,7,5,2,0,0,0,7,rcx=00007FFDF4662E65|committed|side=held-in-present;rsp=000000328E1FF3C0|committed|side=restored-from-save;rbp=000000328E1FF4D0|committed|side=restored-from-save;rsi=00007FFDF4650000|committed|side=held-in-present;rdi=000000328E1FF510|committed|side=restored-from-save;r8=000000328E1FF3E8|committed|side=restored-from-save;r13=000002110A249CA0|committed|side=restored-from-save
