run,exit_code,hung,elapsed_ms,chunk,stdout_bytes,stdout_done
1,0,0,3163,1,990,0
2,0,0,5652,1,990,0
3,0,0,5186,1,990,0
4,0,0,7096,1,1748,1
5,0,0,6829,1,990,0
6,0,0,7047,1,1748,1
7,0,0,7419,1,1748,1
8,0,0,6780,1,990,0
9,0,0,6989,1,1748,1
10,0,0,6966,1,1748,1
11,0,0,6907,1,1748,1
12,0,0,4925,1,990,0
13,0,0,3363,1,990,0
14,0,0,6745,1,1748,1
15,0,0,6997,1,1748,1
16,0,0,5641,1,990,0
17,0,0,6749,1,1748,1
18,0,0,2480,1,990,0
19,0,0,3148,1,990,0
20,0,0,8927,1,1747,1
21,0,0,6719,2,1748,1
22,0,0,4196,2,990,0
23,0,0,6771,2,1748,1
24,0,0,12405,2,1747,1
25,0,0,6690,2,990,0
26,0,0,3960,2,990,0
27,0,0,6669,2,1748,1
28,0,0,5344,2,990,0
29,0,0,3460,2,990,0
30,0,0,4793,2,990,0
31,0,0,6847,2,1748,1
32,0,0,8145,2,1065,0
33,0,0,8844,2,1748,1
34,0,0,6464,2,990,0
35,0,0,5874,2,990,0
36,0,0,6373,2,990,0
37,0,0,4144,2,990,0
38,0,0,6813,2,1748,1
39,0,0,6956,2,1748,1
40,0,0,6880,2,1748,1
41,0,0,3921,3,990,0
42,0,0,10894,3,1748,1
43,0,0,7793,3,1748,1
44,0,0,4483,3,990,0
45,0,0,6433,3,1748,1
46,0,0,7726,3,1065,0
47,0,0,10665,3,1747,1
48,0,0,5973,3,990,0
49,0,0,4696,3,990,0
50,0,0,4009,3,990,0
51,0,0,4962,3,990,0
52,0,0,7012,3,1748,1
53,0,0,5753,3,990,0
54,0,0,6830,3,1748,1
55,0,0,6885,3,1748,1
56,0,0,6883,3,1748,1
57,0,0,5507,3,990,0
58,0,0,6991,3,1748,1
59,0,0,6910,3,1748,1
60,0,0,3302,3,990,0
61,0,0,6811,4,1748,1
62,0,0,3713,4,990,0
63,0,0,7012,4,1748,1
64,0,0,5728,4,990,0
65,0,0,6750,4,1748,1
66,0,0,12530,4,1746,1
67,0,0,6712,4,1748,1
68,0,0,3164,4,990,0
69,0,0,5052,4,990,0
70,0,0,6819,4,1748,1
71,0,0,4573,4,990,0
72,0,0,6829,4,1748,1
73,0,0,3960,4,990,0
74,0,0,7087,4,1065,0
75,0,0,6750,4,1748,1
76,0,0,6713,4,1747,1
77,0,0,6795,4,1748,1
78,0,0,6742,4,1748,1
79,0,0,4065,4,990,0
80,0,0,6804,4,1748,1
81,0,0,2920,5,990,0
82,0,0,8659,5,1747,1
83,0,0,2465,5,990,0
84,0,0,6470,5,990,0
85,0,0,6743,5,1748,1
86,0,0,6785,5,1748,1
87,0,0,6689,5,1065,0
88,0,0,4942,5,990,0
89,0,0,2557,5,990,0
90,0,0,5219,5,990,0
91,0,0,6797,5,1748,1
92,0,0,3911,5,990,0
93,0,0,6721,5,1748,1
94,0,0,6502,5,1748,1
95,0,0,6952,5,1748,1
96,0,0,6506,5,990,0
97,0,0,7807,5,1065,0
98,0,0,5006,5,990,0
99,0,0,6635,5,1748,1
100,0,0,6694,5,1747,1
101,0,0,7535,6,1065,0
102,0,0,6864,6,1748,1
103,0,0,6647,6,1748,1
104,0,0,6769,6,1748,1
